pair,k10_l10,k30_l50,k50_l70,k100_l150
1,0.689336895942688,0.8007859587669373,0.8286179900169373,0.8791400194168091
2,0.5984752178192139,0.7781475782394409,0.8099529147148132,0.8702560067176819
3,0.5298777222633362,0.7026656270027161,0.7439384460449219,0.8280878663063049
4,0.43976694345474243,0.6696007251739502,0.7276013493537903,0.8229919672012329
5,0.42118197679519653,0.6446182727813721,0.7169293761253357,0.8050315380096436
6,0.2910737097263336,0.596926748752594,0.6893295049667358,0.7923687100410461
7,0.21144166588783264,0.5415022373199463,0.6294112801551819,0.7686752676963806
8,0.1729610562324524,0.5207127332687378,0.617721676826477,0.7554113268852234
9,0.12004747241735458,0.5108398795127869,0.5945026874542236,0.7324743270874023
10,0.02793445996940136,0.46947088837623596,0.5907869338989258,0.72020024061203
11,,0.46222519874572754,0.5599122047424316,0.6968388557434082
12,,0.3733544945716858,0.50227952003479,0.667631983757019
13,,0.3671640157699585,0.4894185960292816,0.6543516516685486
14,,0.3373037874698639,0.46428725123405457,0.6487256288528442
15,,0.31132742762565613,0.4582486152648926,0.6401574015617371
16,,0.3007351756095886,0.43379291892051697,0.6303449869155884
17,,0.2883191704750061,0.41467535495758057,0.6199473738670349
18,,0.26425737142562866,0.40495043992996216,0.6086419820785522
19,,0.24401453137397766,0.3904334008693695,0.5949985384941101
20,,0.22907495498657227,0.3799290955066681,0.5939890742301941
21,,0.21120230853557587,0.3651658594608307,0.5850152373313904
22,,0.19933418929576874,0.3471668064594269,0.5798859000205994
23,,0.18236416578292847,0.341784805059433,0.572813868522644
24,,0.17826621234416962,0.3250356614589691,0.5635305643081665
25,,0.15138664841651917,0.31551170349121094,0.5526695251464844
26,,0.13916687667369843,0.3078901469707489,0.545190691947937
27,,0.1162048950791359,0.2953701615333557,0.5295817852020264
28,,0.10321015864610672,0.28671103715896606,0.5270768404006958
29,,0.0948268324136734,0.2789556682109833,0.5227627158164978
30,,0.0698883906006813,0.2678026854991913,0.5146188735961914
